company,product,year,artist,song_title,spotify_id
Apple,iPod,2005,Jet,Are You Gonna Be My Girl,305WCRhhS10XUcH6AEwZk6
Chevy,Silverado,2006,John Mellencamp,Our Country,5p53PF8DpDlAe7I9zXwirD
AT&T,Eclipse,2006,Oasis,All Around The World,1B0l38spcI4BXkGJkq8ksb
Diet Coke,Light It Up,2006,Paul Oakenfold,Starry Eyed Surprise,6A4Kuy7JL0Znab3Skgloiv
Geico,Airport,2006,Royksopp,Remind me,1Y4czhrqEKRWp9ruH9GNAm
Ford,GT,2006,U2,Where The Streets Have No Name,4qgZs0RNjdzKAS22lP0QjY
Ford,Edge,2007,Band Of Horses,The Funeral,27IZXTdeGYjU6m5lTyDpmr
Chevy Trucks,Like A Rock,2007,Bob Seger,Like A Rock,5Jno63iv0mzu5OZ28asYbE
Dell,XPS MI330,2007,Devo,Watch Us Work It,4rMp5DlLDtZYwBvsT8XUGz
Target,Blue,2007,Devo,Beautiful World,4oxqiNsFxFEJzUf8P5nJmc
Doubletree,Calm Cool Relaxed,2007,Dinah Washington,Relax Max,0QLpZHLY9rGbzyrWPqWwhX
GE,Wind Energy,2007,Donovan,Catch The Wind,7cyOTirNS1rXygPulz9WR3
Nivea,Sun,2007,Duffy,Oh Boy,4ySE7RwpQaDMIizneAjaGJ
Apple,iPod nano,2007,Feist,1234,2CzWeyC9zlDpIOZPUUKrBW
Heineken,Unchanged Since 1873,2007,George Baker Selection,Little Green Bag,5dmlMfZajWNbUskAg9CN3V
Honda,Odyssey,2007,Heart,Barracuda,4KfSdst7rW39C0sfhArdrz
Liberty Mutual,The Part Where You Let Go,2007,Hem,The Part Where You Let Go,2eB0phjxsbsRapssYY9fJc
Old Navy,'Sweaters,2007,Ingrid Michaelson,The Way I Am,43ddJFnP8m3PzNJXiHuiyJ
Saab,09-Mar,2007,Nina Kinert,Thru Your Eyes,7ElxEj7qwmhIQ404xXJQ1T
Apple,iPhone,2007,Orba Squara,Perfect Timing (This Morning),6dYKdMfTAaLrrZ3TPIJrqT
UPS,International Shipping,2007,Postal Service,Such Great Heights,27LyQFdQbui4TnRs05cZ8C
Old Navy,Dresses,2007,Rogue Traders,Believer,1fC0ePLzahIVzkA6wUMBrC
Old Navy,Summerland,2007,Rogue Traders,World Go Round,5GCrohHtJUP5sRGPCc3e0F
Audi,R8,2007,Simone White,The Beep Beep Song,3dkCt4XOWjiTz3Bp2B5xRJ
JC Penney,'Father's Day,2007,Sleepy Rebels,Kaleidoscope,57gVQIxPQbA4md59d4FqEU
Ameriprise Financial,Get To What's Next,2007,Spencer Davis Group,Gimme Some Lovin',3qCHUm73I3o5F1mDEfibzo
Mitsubishi,Outlander,2007,The Fall,Blindness,32VPND9HN4aQXhGxqPPQQx
Target,'Long Live Happy,2007,The Icicles,La Ti Da,1jE2cqT0pVXaJZaQm7LSED
Bali,Live Beautifully,2007,The La's,There She Goes,0SMkzFGJOBFDI9KfYD55L0
Old Navy,Gifts That Warm,2007,The Weepies,Stars,73fPLLzWR7u28yITfxP6D2
Samsung,Instinct,2008,Apples In Stereo,Signal In The Sky,6NXwEqaN3OfFkh8nqis7bq
Apple,iPod touch 2G,2008,Asteroids Galaxy Tour,Around The Bend,4tdGyzQ3WqygwxOEpbQ8eo
Kohl's,Expect Great Things,2008,Ben Lee,We're All In This Together,3CFB9s2w9AHCL2wyVvJZfX
Auto Trader,The Ultimate Automotive Marketplace,2008,Blue Oyster Cult,Godzilla,6N0AnkdDFZUetw8KAGHV7e
Old Navy,I Want Christmas,2008,Bow Wow Wow,I Want Candy,6J8IwGX3oHi7x9B57vmMMW
JC Penney,American Living,2008,Brandi Carlile,Have You Ever,6z2qa2dnJDXgVTngG4gFu7
Apple,iPod Touch,2008,Brendan Benson,What I?m Looking For,4rwX1khm2AMKjMxQW28pPt
Apple,iPod nano,2008,Chairlift,Bruises,4mdyVTV7Tr5YDFnD2kvSM4
JC Penney,'American Living,2008,Chris Montez,Let?s Dance,6JgiJMhxI1DAsFOL5jHiIN
Acura,TSX,2008,Citizen Cope,Let The Drummer Kick,4Nrg8EG7wWTiTOumtpw8gk
Ninendo,Wii Rock Band,2008,Coheed & Cambria,Welcome Home,42GP0xKtkolBnmqQRvSllO
Apple,iPod,2008,Coldplay,Viva La Viva,1mea3bSkSGXuIRvnydlB5b
Lincoln,March Event,2008,Crystal Method,High Roller,0gYrCS1xKsQlMY38hbpxb7
Lincoln,MKS,2008,Daft Punk,Technologic,0LSLM0zuWRkEYemF7JcfEE
Nike,Softball,2008,Donna Fargo,The Happiest Girl In The Whole USA,1XEniZWDwqkJVSt7DJpbkR
Zappos,zappos.com,2008,Donovan Frankenreiter,Free,7gj4q3ENYSuqI5J1k71NZv
Nike,Soccer,2008,Eagles Of Death Metal,Don't Speak,2TM3jEaMr9cuLuoGbsYFfX
Target,Happy Together,2008,Enur,Calabria 2007,2G4k9wS5mFHeqzwuyDTVlw
Reeses Peanut Butter Cups,Heaven,2008,Fiction Factory,Feels Like Heaven,3bkcq1VrFlcoqa04VBs4J8
Ciroc,The Art Of Celebration,2008,Frank Sinatra,Come Fly With Me,4hHbeIIKO5Y5uLyIEbY9Gn
Nintendo,Wii Fit,2008,Friendly Fires,On Board,1VO3bxSqFvUdMVr3IFwAwT
Wrangler,Real.Comfortable.Jeans,2008,George Thorogood,Bad To The Bone,6s0NHplywwr1IjnQpUpWJk
Dodge,Journey,2008,Grandaddy,AM 180,1tMHDdJEz8MFrkPFgwFACG
Pepsi,Diet Pepsi Max Super Bowl,2008,Haddaway,What is love,2ahnofp2LbBWDXcJbMaSTu
Pepsi,Max,2008,Haddaway,What Is Love,4v6jydWBTAIqnyPVNyOAdc
Jaguar,XJ6,2008,Hooverphonic,Battersea,7CCVEEsrswFR9bVGXDrFCb
Hewlet Packard,Touchsmart,2008,Joan Jett,Do You Wanna Touch,6Xprc4GuCejWA3BjU5knyw
Kia,Spectra,2008,Joe Purdy,Can't Get It Right Today,7iHNTbx0tcQuR7YtHTgztV
Chase,Protection Matters,2008,Johnny Rivers,Secret Agent Man,2BlaUfBTbWG50DoZHBD1uV
GE,Water Technology,2008,Juju Stulbach,Have You Ever Seen The Rain,1qE7wViqFLNOtblqSGJNtu
Ford,Focus,2008,Kings Of Leon,Red Morning Light,3Fc5OiXuy3pgmLLdoDQqjX
Kia,Sportage,2008,Lee Hazlewood,Run Boy Run,5w1cpYbLfSVqT2bCUA1URF
Old Navy,'Neon Nights,2008,Lights,The Last Thing On Your Mind,07BC60mJ4D4qA1tcCaxIW6
AT&T,Mother's Day,2008,Lupe Fiasco,Daydreamin',50M2QjfSM82wkJ1d0iV4mh
Dockers,Work Weekend Dress Golf,2008,Marlena Shaw,California Soul,0OwvrdjaJOypNsNQHyBWE5
Nike,Basketball,2008,Marvin Gaye,The Star Spangled Banner,2tcJnGWLIVnbUL7tECCA4D
AT&T,GoPhone,2008,Meat Loaf,Paradise By The Dashboard Lights,1lwEigmglA8CbZj1Aum1ke
Volvo,C70,2008,Melpo Mene,I Adore You,0JEFDatSEBS3h4JhpKEqg0
Mountain Dew,Green Label Art,2008,Menomena,Weird,00LbJKCLDJkZQ1cEL8ENEO
Clearasil,Skin Perfecting Lotion,2008,Miss TK & The Revenge,No Biterz,3Mme9sStsUaiAhelLaBV5j
Zune,Zune Pass,2008,NERD,Spaz,1fJ5LFGfBNqjnyFtuGjhWI
Volvo,S80,2008,Nicolai Dunger,Something In The Way,7xGKXJlsK2aOUTUihPcDUi
Chevy,Malibu,2008,Oren Lavie,Her Morning Elegance,2abL57Z15fQWEhCn7Cdj10
JC Penney,American Living,2008,Plant-Krauss,Killing The Blues,4MiX7j4kYbWZlGOimqFvtE
Carnival Cruises,Let The Fun Begin,2008,Queen,You're My Best Friend,49L5s7lTES5EVnyGO09H0S
Valero,Stockholders Meeting,2008,Rascal Flatts,Life Is A Highway,2Fs18NaCDuluPG1DHGw1XG
Ford,Flex,2008,Santigold,Say Aha,0pqIlNC6QUzFUbzOhgxlbZ
Chevy,Malibu Hybrid,2008,Sea Wolf,You're A Wolf,4cFMT3DwTYChrjBT71hqGy
Coke,The Coke Side Of Life,2008,Sia,Breathe Me,2Bo0hh0yoQReC4reJav5DT
Samsung,Behold,2008,The Blue Van,Silly Boy,1IZvIC5iRUxjJtYKpzSfnv
Hewlet Packard,Picture Book,2008,The Kinks,Picture Book,5HOQNAXcPSwV7Gt8AV8qiP
Geico,Motorcycle,2008,The Sounds,Hurt You,0nFCmqrXrDszfq11RfleO0
Apple,iPod,2008,U2,Vertigo,57ZXcBtCZXSg9TVV5xRdnR
Sony,Cybershot HDNA,2008,We Are Scientists,After Hours,6BnioVUjZdsTeYliZcnNW8
AT&T,LG Shine,2008,Yello,Oh Yeah,1iOHLlEsMbgJfYBFWy4TjG
Geico,Caveman,2009,3 Doors Down,Let Me Be Myself,37K07PsEPk3SuYpAvjTbJO
AT&T,Sweet Pea,2009,Amos Lee,Sweet Pea,4KqBoq7MoDJeVsvUHTjXCM
Panasonic,Toughbook,2009,Ane Brun,To Let Myself Go,6KEHFUrIiZ6ZGInejwAWbF
Subaru,Outback,2009,Basia Bulat,Before I Knew,6HEcgkN5bJ0UmYnZShI6AT
Cheerios,Honey Nut,2009,Ben Taylor,I Try,6aM93yziLBHnqnQgAFaQ7m
Pepsi,'Forever Young,2009,Bob Dylan,Forever Young,4yWl0tnEanf3zmZzl9kbQn
Canon,Powershot Thin,2009,Clint Mansell,Lux Aeterna,62Da3JOu9H9EIgmqV7DoLG
JC Penney,Every Day Matters,2009,Dragonette,Get Lucky,4FxgmLJuES06PnUiO1DpQz
Visa,Go,2009,Dropkick Murphy's,I'm Shipping Up To Boston,7rSERmjAT38lC5QhJ8hnQc
Vizio,HDTV,2009,Empire Of The Sun,We Are The People,57RHMnLMQx8Qz5V6c0E8dF
Crystal Light,Pump It Up,2009,Estelle,Star,4OUG5odfNDJVQl0AgGrBWr
Chase,Sapphire,2009,Frank Sinatra,The Way You Look Tonight,0shGCs5AkhwJIgUb0SSz2B
Apple,iPod touch,2009,Franz Ferdinand,No You Girls,37CBHPCzV1rizPrxRUyR72
GE,Smart Grid Technology,2009,from The Wizard Of Oz,If I Only Had A Brain,0feqkkD0tgAZddC0uB3uwU
Wal-Mart,"Save Money, Live Better",2009,Hannah Georgas,You've Got A Place Called Home,6OlsTT1U5dr1qWj6teZVcK
Bridgestone,'Bridgestone Or Nothing,2009,House Of Pain,Jump Around,3TZwjdclvWt7iPJUnMpgcs
Swiffer,SweeperVac,2009,Human League,Don't You Want Me,3L7RtEcu1Hw3OXrpnthngx
Hair Cuttery,Still 15,2009,Ingrid Michaelson,Maybe,2meMd8uHw5bELbDrERt0B1
Axe,Axe Will Fix You Up,2009,Kid Cudi,Day N' Nite,5FEXPoPnzueFJQCPRIrC3c
Payless Shoes,Easter,2009,Kinnie Starr,La Le Lala,6Hg6s1Pc7EE77mR0qUlJL9
AT&T,The Best Coverage,2009,Landon Pigg,Falling In Love In A Coffee Shop,1KHdq8NK9QxnGjdXb55NiG
Purex,Ultra,2009,Lenka,Don't Let Me Fall,6DG0hCt2nN9wEbmO4OkiFX
Victoria's Secret,Bio-Fit,2009,Little Boots,Meddle,5hBeax0At5KAHY2XjVRvxX
Kia,Soul,2009,Marz,Whut It Do,62kmtGz1uTN4dGlILMfLP2
Apple,iPhone 3GS,2009,Matt Costa,Mr. Pitiful,3CeGVMZcCWSSCdOfcaHJnd
Chase,Bank,2009,Michelle Branch,Everywhere,1u0l8zWpQeMYStFkc2mLD7
Target,Back To School,2009,Minnutes,More To Luv,5sCnsIYSupI3OkMn1iIm1X
Visa,Go,2009,Moody Blues,Tuesday Afternoon,31pi9vJJWHZxygk8AoGd0d
Verizon,Droid,2009,MoZella,Magic (Oh Oh Oh),4f1dLuW53qR51axKC7Yeno
Geico,The Money You Could Have Saved,2009,Mysto & Pizzi,Somebody's Watching Me,6A4Jc8npNo79BOgsrPptLA
HTC Phones,You,2009,Nina Simone,Sinnerman,5xRP5iyVdGglqlY4Vcjhkx
Jaguar,XFR/XKR,2009,Oasis,The Shock Of Lightning,0IRx6YkLMVdnCHN61D0Vk0
Nivea,Living Room,2009,Parachute,She Is Love,2Dz5WpEWA0vhnMmEPYiZ2y
Swiffer,Swiffer Sweeper,2009,Player,Baby Come Back,48VaaUAkg1OFjjAmAsdK7T
Ford,Flex,2009,Poe,Hey Pretty,40f4ouoD3ruT9wpjWiPsyj
Wal-Mart,Game Time Costs Less,2009,Queen,We Will Rock You,54flyrjcdnQdco7300avMJ
JC Penney,Follow The Arrow,2009,Rosi Golan,Follow The Arrow,58TtV3kSTCx95moZ0TUD49
Taco Bell,Fruitista,2009,Rupert Holmes,Escape,5IMtdHjJ1OtkxbGe4zfUxQ
Citgo,...At Every Turn,2009,Rusted Root,Send Me On My Way,6hs3SDnbO3f6VQuPO4KBEb
Lincoln,MKZ,2009,Shiny Toy Guns,Major Tom,5LOSMBA5RjeO84E3RgG3N7
Lincoln,MKT,2009,Sia,Under The Milky Way,4W62BliXdCXOSW6Ec9GWbO
JC Penney,Every Day Matters,2009,Sleepy Rebels,Unbelievable,5vdcnnT3cPqmQ89O1OMVv3
Dell,Inspiron,2009,Stereo Total,"I Love You, Ono",5qqE9DEoKDwdvageyhNybj
Amstel Light,One Dam Good Bier,2009,The Fratelis,Chelsea Dagger,3ItzRpwvKtkDSNdRSjXu7Z
GMC,'Terrain,2009,The Ponys,Double Vision,4Vp2mwjW2OpS286oOsyl1n
Mitsubishi,Outlander,2009,The Sound Of Arrows,M.A.G.I.C.,2CY0nznqWcBjrvo02IoTQ8
Apple,iPhone 3G,2009,The Submarines,You Me & The Bourgeoisie,01r3Yf8J8xjUH8Ut9CI0e8
Blackberry,Storm,2009,U2,I'll Go Crazy If I Don't Go Crazy Tonight,2vVuKnnoYkA8HfKSK0oNbH
Arby's,Bacon Cheeseburger,2009,Warrant,Cherry Pie,7LygtNjQ65PSdzVjUnHXQb
Wal-Mart,Summer Costs Less,2009,Zee Avi,Bitter Heart,7oGGmUTUwH6EooJGeZBJdj
Dell,Inspiron,2010,Anthem Facility,Trace,01jcKMVtMzds4Tc9hA7mZ6
Saab,9-3X,2010,Asha Ali,The Time Is Now,2sUyLVp9ICIMSeDkVcjkr4
Kia,Soul,2010,Black Sheep,The Choice Is Yours,4k9EkhkFZY8Bk41Qi0Ob7P
Michelob,Ultra,2010,Blur,Song 2,1FTSo4v6BOZH9QxKc3MbVM
JC Penney,Picture Day,2010,Christian TV,"1,2,3 Turnaround",073noMfO0WT3AHt4jpRsT7
Chrysler,Town & Country,2010,Dawn Landes,Straight Lines,7rBaC8aIHFAEf1f4JeLpxa
Sprite,The Spark,2010,Drake,Forever,6HSqyfGnsHYw9MmIpa9zlZ
Nissan,Ultima,2010,Elvis Presley,Devil In Disguise,0D1pEisM3QkiacGXJe5dmd
Vick's,Dayquil,2010,Hayley Taylor,Felt Like Love,4ipsVyCYeC95BKUYiU1ZMe
Viagra,,2010,Howlin' Wolf,Smokestack Lightning,6Zo3QapMvKMceJPHTHNs19
Swiffer,SweeperVac,2010,Isley Brothers,That Lady,46pW0poQYEb2bVaqozGO59
Corona,'Find Your Beach,2010,Jesse Harris,The Secret Sun,4U6qcAYkqQZ6rO7ZQkNKXo
Honda,Odyssey,2010,Judas Priest,The Hellion,7LLQxMvAYOpoC2PKe3VQn5
Special K,Low Fat Granola,2010,Jules Larson,Almost Blows My Mind,5Rx4w5dCauKr3KEFl78xy2
Movado,Bold,2010,Katie Cole,Gravity,2JhoY1vh6QQkP8A2GMeX6D
Jeep,Grand Cherolee,2010,Kevin Lovatt,God's Gonna Cut You Down,3fLsheDFrLBPTUmSKTAD84
Dr. Pepper,Dr. Love- Little Kiss,2010,Kiss,Calling Dr. Love,7xD7MvjAdZkx1YICschIuI
Amazon,Kindle,2010,Little & Ashley,Stole Your Heart (Stole my heart?),7ynDAJ00ultbg8rSLOUpkN
AT&T,Here's To Possibilities,2010,Lou Reed,Perfect Day,4TOMI010Sd4ZAX4aZ5TS85
Lincoln,MKT,2010,Massive Attack,Paradise Circus (Gui Boratto Remix),5Tyi10wvVbd3pu65GCHD8y
Starbucks,Holiday Snowflakes,2010,Matt Pond PA,Snow Day,3jFTSi4nm1Gosfqh7gvSPd
McDonalds,McRib Sandwich,2010,Matt White,Love,3mDvi0k4LuCA7ViLf3Qb3O
Dell,XPS,2010,New Politics,Yeah Yeah Yeah,4NXRIJkvnBVOqdTQeUOX6W
AT&T,Rethink Possible,2010,Nick Drake,From The Morning,6d01Jkzt0zYiQINWJJFCaf
Tropicana,Arctic Sun,2010,Patrick Watson,The Great Escape,1GIPP103zfsythULEpsmdw
Toyota,Avalon,2010,Pomplamoose,Mr. Sandman,09hBO95I4yRR4CjVwzSioL
Target,A-Z,2010,Pravda,The A.B.C. of L.O.V.E.,1dBq8ti6zxGZkroZ133Q2W
Victoria's Secret,Hello Bombshell,2010,Rinocerose,Get Ready Now,3eRBHs4PaDVzSMIiSaDsV8
Toyota,Corolla,2010,The Aliens,Magic Man,4HivLKDQg6AId51WOdQmHK
Apple,iPad,2010,The Blue Van,There Goes My Love,4CBptHds4wESx53EouapzX
Apple,iPhone 3GS,2010,The Boy Least Likley To,Stringing Up Conkers,5idz1xONJoVHPmvdtQpUxA
Pennzoil,Ultra,2010,The Cars,Moving In Stereo,5xLfQuX5YAfog2JgPz0dpA
Target,Triplets,2010,The New Seekers,Free To Be You And Me,2bPcvz0qVLImBAQQwJCEKb
Diet Coke,Stay Extraordinary,2010,The Temper Trap,Sweet Disposition,5RoIXwyTCdyUjpMMkk4uPd
AT&T,Anything's Possible,2010,The xx,Intro,0DAsxISzun85PbsqAfIzeC
Honda,Civic,2010,Vampire Weekend,Holiday,3ciC6GP8rOPxlkCYQIQ3jW
Hellman's,Love Notes,2010,VV Brown,L.O.V.E.,03pQRwKjI0aYQgPld94kcC
Pepsi,Max,2010,War,Why Can't We Be Friends,413T0g8pNNXYX6t5RqHvx7
Pennzoil,,2010,ZZ Top,Got Me Under Pressure,1jzZZsfzxsebFa6KpWXaAr
Intel,Core i5,2011,Balmorhea,Settler,4U801Q03vWC5wWKWvnZJOu
5-Hour Energy Drink,Fix The Tired,2011,Boo Boo Davis,I'm So Tired,5QPGktDCNj4cQQey3CARoq
Axe,"The Cleaner You Are, The Dirtier You Get",2011,Brenda & The Tabulations,The Wash,2gLfz9pioPgva83iWv2cmU
Pennzoil,Pride,2011,Collective Soul,Shine,6emdJW80SbDBMuHci8PJJn
Clean & Clear,Soft,2011,Cookie Duster,Two Feet Stand Up,131f3CTcnclfFfAgAAfrba
Puma,Pumagility,2011,Crystal Fighters,Follow,0ux2EioEe5Fw07rXYRUSTz
Budweiser,Coming Home,2011,Dan Auerbach,Goin' Home,3fCULruC32uHpryWa2yKRI
Ford,Explorer,2011,Derby,If Ever There's A Reason,5f8Cn4lVRMUL9sA8oYw3lu
Samsung,Home Appliances,2011,Duffy,Mercy,78twQ5XCFJMTE37ZSU0gsj
NFLshop.com,Home,2011,Edward Sharpe & The Magnetic Zeros,Home,7w5cxTEzp1rfV3KCy0Bd5N
M&M,M&M Preztels,2011,Eric Carmen,Hungry Eyes,31H6au3jhblhr6MMJiXnCq
Chrysler,Style,2011,J. Ralph,One Million Miles Away,0SD67VfkveSAr2QRcDTPdr
Victoria's Secret,Holiday 2011,2011,Johnny Hartman,In The Wee Small Hours Of The Morning,0gqIpgjoiq9LmaYJZ1Un7l
Lincoln,MKZ,2011,Kiln,Fyrepond,51NI6kpk2e2LEOtkfiO1mx
Nissan,Leaf,2011,Ludovico Einaudi,Lady Labyrinth,3S0ZYbPBUIdUoNfoPV3fAc
Sony,HD Blu Ray Laser,2011,Ludovico Einaudi,Primavera,4O0Yww5OIWyfBvWn6xN3CM
HTC Phones,Rezound,2011,Machine Gun Kelly,Tears Up,3bA2mr2fSvVNvywV5MyZ1w
Volvo,C-70,2011,Miss Li,Oh Boy,7cdijGgzLqjsPtyl0QZ5S1
Canon,EOS,2011,Myrtle Street Connection,Sally,4R8EABMkP63CvXwN1Yc5cN
Honda,Pilot,2011,Ozzy Osbourne,Crazy Train,2b9lp5A6CqSzwOrBfAFhof
Huggies,Movers,2011,Paul Reeves,Let's Dance Together,3OpVAjzN7iOKUMJx9sPQ9e
Corona Light,Party Mashup,2011,"Run DMC,The Knocks","It's Like This, Make It Better",2J6QnTjHIWwXErNWyF0RUC
Target,Spring 2011,2011,Shirley Temple,Early Bird (remix),6utoPrlDVfGmrRFXZ3kbmj
Rimmel Mascara,The London Look,2011,Steven Crayn,Another Cold Beer,50swsZLMizT5UAdM5RhAhX
"Independence, Blue Cross",,2011,The Faces,Ooh La La,4lJ6YVXQ0jUk5ILu0PSrA4
Pringles,Multi Grain Pops,2011,The Little Ones,Rise And Shine,3VeIuYNUZPaFJGjqq9Muzy
Amazon,Kindle,2011,The New Pornographers,"Sweet Talk, Sweet Talk",3ExmkTE3eldMCyNq8WAUp6
Blackberry,Playbook,2011,The Pretenders,Brass In Pocket,0LpO8H9lJ6BuIVWDGSOWfT
Yellow Pages,yp.com,2011,Tokyo Police Club,End Of A Spark,1RFGkFiaoHR006wzP2GTTq
Microsoft,Internet Expolorer 9,2012,Alex Clare,Too Close,4sK96UnGx3NjBaqvfTG2dm
Audi,A5,2012,Danny Kaye,The Ugly Duckling,3v9ZcFL0Du8RLahwusdEcn
AT&T,Whiz Bang,2012,Eddy Current Spression Ring,Memory Lane,1KhqNu8SRm3vUD74nSYT4K
Corona,'Find Your Beach,2012,Everest,Let Go,6gT0RjJso0RhZGA4Hpv9D0
Budweiser,Eternal Optimism,2012,Flo Rida,Good Feeling,4vnLdmUdkOworoveEzpEST
Amazon,Kindle Fire HD,2012,High Highs,Open Season,6XPC7ZNTJcnWzQaLZYe3od
Apple,iPad Mini,2012,Hoagy Carmichael,Heart & Soul,0FIc7ziWEreQCRe5pMngFe
Apple,MacBook Pro,2012,Kidstreet,Song,13JrjjPpFsDcwwbvy0PumL
HTC Phones,One,2012,Laurie Anderson,O Superman,421Gp1eSmOIcD6alTWowFR
Volkswagen,Passat,2012,Little Joy,The Next Time Around,6sT8KTifge2F0lcdtyDkDa
M&M,Sexy & I Know It,2012,LMFAO,Sexy & I Know It,0obBFrPYkSoBJbvHfUIhkv
Honda,CRV,2012,Lucy & The Cloud Parade,Feel Lucky,6o0GfWXiic0AfcSDU2aWCY
JC Penney,Back To School,2012,Mayer Hawthorne,Get Ready,0nldsuI0CElDmeG8w9YE3i
Acura,ILX,2012,Metric,Help I'm Alive,1z4xjDLLWJgG48Bn8OCxZv
Coke,Fountain Pour,2012,Paul Reddick & The Sidemen,I'm A Criminal,0KhJlJ3Av90f3vLg4zBoMi
Virgin Mobile,The Fantastioc Tale Of Young Branson,2012,Rey Anton & The Peppermint Men,Don't Treat Me Bad,5A6G0kAjLtYhHA0FsDm1rL
Kohl's,Narciso Rodriguez,2012,Santigold,Big Mouth,606sRE1ZLYbrPGGU1O0eRD
Jack Daniels,Tennessee Honey,2012,Stone Foxes,I'm A King Bee,14vst2Dkr7OkYyzf1fftLu
Gap,Fit For Originals,2012,The Avette Brothers,Live And Die,1HOjry8kvObcLsyOVMVCml
Lexus,CT 200h,2012,The Black Keys,"Have Love, Will Travel",46XzvI0GXvRwK7LV6vdn2v
Asics,Premier,2012,The Features,The Temporary Blues,7pdNpBGXKj67xtkYxxtsxd
Sketchers,Lightweight Fun,2012,The Kinnardlys,Skippin' On Sunshine,19lyyZ7ZdWCjLuIcB8syoy
Hewlet Packard,Envy 4 Ultrabook,2012,Walk The Moon,Tightrope,44psOy0D0SP8rcIiUgKgBs
Zales,Candy Colored Diamonds,2013,Amy Stroup,Just You,2YsQcb5qwoS2pzPqLvQqYO
Trojan Lubricants,The After Party,2013,Avila,All Shook Up,3m8mZerMdq5ZI5viPmgEa5
Coach,Love,2013,Blonde Redhead,Girl Boy,4npnXTH9GsoKQBdLOrf4sS
Mitsubishi,Outlander Sport,2013,Bobby Caldwell,What You Won't Do For Love,7dL8FCLzEaWC2A3qWQuz1q
Samsung,Galaxy Gear,2013,Carly Rae Jepsen,Call Me Maybe,3TGRqZ0a2l1LRblBkJoaDx
K-Mart,Free Layaway,2013,Fialta,Summer Winter,1fuzutFc8Pm1K9x8DIQFaA
Cadillac,SRX,2013,Fountains Of Wayne,Stacey's Mom,4YH5BuKyfBcb60iogyATv6
Shoedazzle,shoedazzle.com,2013,Icona Pop,I Love It,6HZ9VeI5IRFCNQLXhpF4bq
Target,Summer Up,2013,Illya Kuryaki,Ula Ula,0RtE8kS3Wq7w09DYhpDqys
Neon Beats,Power Beats,2013,Imagine Dragons,Radioactive,4G8gkOterJn0Ywt6uhqbhp
Coke,Coke Zero,2013,Ingrid Michaelson,Be OK,2qESkHBZ2VThboOnosYFBk
Christian Mingle,Lori & Curtis,2013,Jars Of Clay,Love Song For A Savior,0DbcdVCzmY1IjilPTPaSOe
Netflix,"Do You Want To Have, An Adventure?",2013,J-man f. Chancellor Ward,How I Want Ya,5E9FEtlUIUrqg5FaCFAjYJ
Shoedazzle,High On Heels,2013,Karmin,Hate To Love You,3OwQpLxRnNRt30WgEWrwno
Samsung,Samsung TV,2013,Kill It Kid,Run,1fGyzgBaci9CqtB0wv9J82
Lexus,Amazing In Motion,2013,Kristina Train,I'm Wandering,2T21ueBuwMhpDmBiWHLlf7
Special K,Jeans,2013,Nappy Roots,Good Day,4cnqxdE2opmhp7MwkvhkAJ
Taco Bell,Cantina Steak Burrito,2013,Notorious B.I.G.,Big Poppa,2g8HN35AnVGIk7B8yMucww
Vizio,Smart TV,2013,Phillip Phillips,Home,4rsW3WCZBGwhHfJWuHRwyT
Sony,Sony Bravio,2013,Rolling Stones,She's a rainbow,61IBpJ6TymrEwd7bz3oPNp
Applebees,Highly Skilled Cuisine,2013,Run DMC,It's Tricky,36TBMtrW4x7bHW8LH8rnRr
SONY,4K,2013,RY X,Berlin,7BSMSvK0WxrDeI98bswYa8
Honda,Civic Sedan,2013,Santigold,Disparate Youth,0t2QiRkpag0fAgs9zuCPlH
Blackberry,V10,2013,Tame Impala,Elephant,6qZjm61s6u8Ead9sWxCDro
TJ Maxx,Cool Blu,2013,The Electric Sons,Breathing Electricity,738Fi5l5VKKP47ovwsee8E
KFC,Chicken Pot Pie,2013,The O'Jays,Time To Get Down,2mhVy5a8BmJ1t3YFk9DlWi
T-Mobile,Samsung,2013,Tilly & The Wall,Heavy Mood,13jwhZ34DAFxcLBzuRH8gj
Match.com,Right Now,2013,Today Kid,Spectacular Find,6cLv2V4tjk6CqSdcTgir3I
Givenchy,Givenchy L’Interdit Fragrance,2013,Trentemøller (feat. Sune Rose Wagner),Deceive,3oQA7hcoD7zArMPLrADBts
Dr. Pepper,One In A Billion,2013,Vinyl Hearts,I Am,2zTDt6NYsuD2YMByY1SJm6
Verizon,Many Faces,2013,Viv & The Revival,I Want It,1kNs8ELUmyCOqANApgexVi
Chilis,Mango Chile,2013,Wendy Rene,Bar-B-Q,4LDcpmAfyAI12rvk0x72j9
Disney Infinity,Toy Box,2014,Aerosmith,Walk This Way,5SZ6zX4rOrEQferfFC2MfP
Android,And You...,2014,Andrew W.K.,Party Hard,0E0bZtTG39K95uRjqBo1Mx
Chevy,World Cancer Day,2014,Ane Brun,Don't Leave,0471UQ2KvOWF0i1fmheJew
Fiber One,Turn Around,2014,Bonnie Tyler,Total Eclipse Of The Heart,5prTs2HAw2G4idHZyeFp8o
Estee Lauder/Macy's,Be An Inspiration,2014,Bruno Mars,Just The Way You Are,7BqBn9nzAq8spo5e7cZ0dJ
Lexus,Amazing In Motion,2014,Computer Magic,Running,6vOXtjqThBvqRtP6SV6xuy
TJ Maxx,Maxximize,2014,Estelle,Do My Thing,3nbi8TqJu1eLHYWJefcJp4
Coke,Going All The Way,2014,House Of Pain,Jump Around,3TZwjdclvWt7iPJUnMpgcs
Heineken,Happy Holidays.,2014,Mani Hoffman,Big Shots,7nBkRT9hOe8d0ynEPGLi70
Buick,Hmm,2014,Matt & Kim,It's Alright,1BGNt2YYI6RyhizKsQcGHY
Sonos,Face Off,2014,N.A.S.A.,Hide,5PXqNBhG5Hlcc9obq4Br8T
Cheerios,Multi-Grain,2014,Nicole Vaughn & Tim Myers,Get Outside,7HYIrFlsWTnfDcqYNRpPIP
Ford,Next Best Thing,2014,Nikki & Rich,Next Best Thing,2CbGsldPPNTGvt9HbyNDE0
Honda,CR-V Touring,2014,Portugal The Man,You Carried Us,2OIjLXIeX47CiRlTPzaCdI
Smirnoff,Wild Honey,2014,Problem Child,Get It,5LvL5RbBga3VAm4qWIi4jM
Fiber One,Cookie,2014,Scorpions,Rock You Like A Hurricane,58XWGx7KNNkKneHdprcprX
Sprint,Happy Connecting,2014,The Cure,Lullaby,4d4oXk7O2lEhZ83ivV93li
McDonalds,Warm Up To Winter,2014,The Little Estate,Keep Me Warm,7HY6wU7ZMg1IFa81eSWJAn
Apple,iPhone 5S,2014,The Pixies,Gigantic,3Qn3nNH9L3P5DoSbv7YXc1
Apple,A Great Big Universe,2015,Alabama Shakes,Sound And Color,3wrqiZJKMSpLBvgFJfFOp1
Microsoft,Surface Pro 3,2015,Arum Rae,Somehting's Happened To Me,0NefQ8Xr3yIFf6UYMifQAT
Hershey's,Caramels,2015,Fifth Harmony,Worth It,41Fflg7qHiVOD6dEPvsCzO
Amazon Fire,Why Buy Just One?,2015,Georgia Gibbs,Tweedle Dee,2TRt55mhsEEC7tuwE5dQdd
Sprite,Thirst,2015,Imagine Dragons,I Bet My Life,15DrrIod12Tc2IoMaHiwlQ
Bacardi,House Party,2015,Jack Wood,Born To Wander,3LMQJeAFEgwkwHARX3buSn
Ameriprise,Inspired,2015,Jake Reese,Day To Feel Alive,0zmaMRJ2mKNJSP2esc0LJg
Corona Extra,Dreams,2015,Jesse Woods,Gold In The Air,7Cf0CceaYyvU4vhpGEzNEf
Apple,iPhone 6S,2015,Jim Croce,Time In A Bottle,1pmYAWY7Kwaj84U3xZxLML
Corona Light,Business Cards,2015,Jimmy Luxury,Cha Cha Cha,6tGMpLcoBOg1hbfjlBHQy2
Dish Network,Dish Is How We Do It,2015,Montell Jordan,This Is How We Do It,6uQKuonTU8VKBz5SHZuQXD
MSC Cruises,In The Summertime,2015,Mungo Jerry,In The Summertime,3RNyGLgSvmVRZ7xKUp8Wgd
JC Penney,What's Underneath,2015,Paolo Nutini,Fashion,5F6VRkv90KRqoR45qIjVv7
Android,Friends Furever,2015,Roger Miler,Oo-De-Lally,0mWXrr6HQZUhCQG4JMkT2e
Jose Cuervo,Flight 72,2015,Rolling Stones,Miss You,3hJLKtTpgct9Y9wKww0BiR
Geico,Free Range Chicken,2015,Roy Orbison,Ride Away,1nxSCulSg5AtmExqgHPPC0
Minted,So Beauiful,2015,Sofia,It's Beautiful,3TPIwpapmyjvaJGsuLzNXx
Apple,Someday At Christmas,2015,Stevie Wonder,Someday At Christmas,1yi2B0Ca0Xrob1O4R1uW6Z
Apple,Apple Music Commercial,2015,The Weeknd,The Hills,7fBv7CLKzipRk6EC6TWHOB
Sprite,Keep Ya Head Up,2016,2Pac,Keep Ya Head Up,0XRbYXQUymj9SJkrr8YK5B
Apple,iPhone 7,2016,AC/DC,Thunderstruck,57bgtoPSgt236HzfBOd8kj
Sleep Number Bed,The Bed That Moves You,2016,American Breed,"Bend Me, Shape Me",0xwRjvB4aMN59O1Hk86zIx
Volvo,XC90,2016,Avicii,Feeling Good,7rc6L3UtM0uvwfpsl07GBL
Volkswagen,Golf GTI,2016,Beck,Dreams,14zhqtMI5xHrfCFCLhFcsn
Nike,Unlimited Simone Blies,2016,Beyonce,Jealous,63wKtmUg754umO8SglEL79
LG,G5,2016,Busy Signal,Everybody Move,2Tjsv4lp3s0XC72oIu5qbw
Jeep,Grand Cherokee,2016,Cat Stevens,If You Want To Sing Out...,23knlSaE1nRy1PGdF2gJbN
Google,Pixel,2016,Django Django,Default,2rbSoIg8MIfFiGcH1abcKD
Apple,Apple Music,2016,Drake & Future,Jumpman,6ApJN7sbsgAKwO29JbSLiK
Volkswagen,Golf,2016,Eddie Rabbitt,Driving My Life Away,0LN78RmoEGKQR5t9ZAdyCi
FIAT,500X,2016,Fitz & The Tantrums,Handclap,4qRaZYiaOsSvWC7VgcxrI0
Life Cereal,Enjoy All Of It,2016,Flo Rida,That's What I Like,4eE21980kRW4k4oHRQciCK
RAM Trucks,Longest Lasting,2016,Gary Clark Jr.,Bright Lights,7aO35V27YDi4hKOL9odSya
Apple,iPhone 7,2016,Hamilton Leithauser & Rostam,In A Black Out,1idBirsBGvCMsLvv4cTv7k
GoPro,Hero Session,2016,Jane's Addiction,Stop,7F0dwqgKzlaIRrngChBRAc
Android,"Rock, Paper, Scissors",2016,John Parr,St. Elmo's Fire,1A2PWRltFrX8iB8IP3CUgo
Subaru,Outback,2016,Langhorne Slim,Land Of Dreams,5WUI5cKpXoJ4djU6QGAZ3M
H&M,New Autumn Collection,2016,Lion Babe,She's A Lady,4hRsoYXGTc0G96jkrRlulM
Samsung,More Everything,2016,Louis Armstrong,Whistle While You Work,4KtGYPpGg6EQrtJPOHz6s9
Cheerios,"More Babies, Please",2016,Major Lazer,Pon De Floor,272equSq1pmkiKnOoT52Zd
Dodge,Warning!,2016,Metallica,Fuel,1tTPC0hsnXq1IGpvWY54JC
Mercedes-Benz,,2016,Michael Kiwanuka,Cold Little Heart,7KX65PC1UZuImsUInThbav
Jeep,Summertime,2016,Morgan Dorr,4x4Ever,0nsKoWy8A9dVnvJM14vABx
Samsung,S7 Gear & VR,2016,Nada Surf,Where Is My Mind,2AsIm3Hr3GS4P4nntYSs2Q
LEGO,Friends For Life,2016,needtobreathe,The Heart,2gNRPDHT9jw2fIKLRpLgT9
Mazda,Driving Matters,2016,Patsy Cline,Back In Baby's Arms,0sLeL8h8khqsUn3fjKPUZa
Nike,Cribs,2016,Santigold,Kicking Down Doors,41LeChQjh5J0YN2pSdH9dg
Volvo,XC90,2016,Sharon Van Etten,Every Time The Sun Comes Up,38ydcsbayM4oX21Hhu84DT
Under Armour,Rule Yourself,2016,The Kills,The Last Goodbye,7GswgLLrtSouvDcIHyqmbE
Volkswagen,"Sign, Then Drive",2016,The Lemonheads,"My Hero, Zero",75pTbAqnw5kKRJ5En420Xt
Audi,A4,2016,The Stooges,Search & Destroy,00sydAz6PeOxYzwG1dRIPi
Starbucks,Red Cups,2016,The Zombies,This Will Be Our Year,02KpkaZbiutsR0ucxce4Sh
Walmart,Halloween,2016,Whodini,Freaks Come Out At Night,4HF1f5quZSXeq7eoCDxyBJ
Nike,Someday,2016,Willie Nelson,Funny How Time Slips Away,6Sr2e5J7WnRJ7sLpUpyie9
Volkswagen,Passat,2016,Willie Nelson,On The Road Again,1OmKo4t4Bh95xQI6WGiUR3
Jeep,Renegade,2016,X-Ambassadors,Renegades,0fYVliAYKHuPmECRs1pbRf
RAM Trucks,Long Live Ram,2017,Anderson East,Forever Young,3VsO93WNZgoQmEewXsGI9S
Nike,Vapor Max,2017,Beach Day,I'm Just Messin' Around,2hslxP9V2hnR0mZ5Q8OYTF
Apple,iPhone X,2017,Big Boi,All Night,2Bb3mu3lfUrcRoTi3IcvQc
Samsung,Galaxy S*,2017,Bomba Estereo,Soy Yo,4Egb5xP6cniUx0kgZd5zLB
Kia,Eco Hybrid,2017,Bonnie Tyler,Holding Out For A Hero,7L2eFj0KFJDmHTPMUL4ZxR
Samsung,Galaxy TV,2017,Chyvonne Scott,I'm Moving On,6L7QZ5o01KYzYfzYUnOjmF
Samsung,Samsung Galaxy Tab S4,2017,Danger Twins,Gotta Be Yourself (Mama Always Said),4m2vO7WBhzhpRGFLianqhf
Volkswagen,Luv Bug,2017,Dean Martin,The Birds & The Bees,2PNBLcmRZn83z6MjhYynQC
Samsung,VR,2017,Elton John,Rocket Man,3gdewACMIVMEWVbyb8O9sY
Pepsi,Mountain Dew,2017,Fat Joe,All the way up,61QSuw5VlC0LTS8WMO356g
Volkswagen,Nuts,2017,Giorgos Zampetas,Zorba's Dance,6K8EJpcunpBIckSUrtGCcX
BMW,Som Alive,2017,Goo Goo Dolls,So Alive,0Se1ajfYEa51gkPKV5UgLV
Bubble Witch 3,Work Your Magic,2017,Iggy Pop,Real Wild Child,6ZAwEE4kTdtvyE66iRhFxR
Nintendo,Switch,2017,Imagine Dragons,Believer,0pqnGHJpmpxLKifKRmU6WP
Adidas,Calling All Creators,2017,Jacob Banks,Chainsmoking,1EZfCViOJ9XKFbwX8FkZUF
Levi's,Circles,2017,Jain,Makeba,4TNFLwe6DhtR3Wn1JKMqMJ
Levi's,Circles,2017,Jain,Makeba,5JdLUE9D743ob2RtgmVpVx
State Farm,Neighborhood Of Good,2017,Joy Williams,Don't Let Me Down,6oqlWkAUCqBXjvorIRSm54
Adidas,Create Positivity,2017,Kid Cudi,Surfin',3f2k8op0nWDoZM4pXim6wG
Victoria's Secret,Summer,2017,Kiiara,Intention,6FhQ6UH6m0mlXRLFiyehFR
Samsung,Flex Wash,2017,Lady Gaga,Just Another Day,52vpwwKa8qFP1WDIsky1xT
Ford,Focus,2017,Lake Street Dive,This Magic Moment,4buZE2oO7R4uSEp31iNgNO
Budweiser,One Last Ride,2017,Lord Huron,The Night We Met,0QZ5yyl6B6utIWkxeBDxQN
Apple,iPad,2017,Louis The Child,Go,37o2wypJyP6rTfTI9rlaVY
Apple,iPhone 8,2017,MagnusTheMagnus,Area,7fJozqj7NMdvo0zkcXDbgg
Apple,Airpods,2017,Marian Hill,Down,5eCkuGPZNl4mISFNPgr3Dd
Hyundai,Sonata,2017,Neil Diamond,Sweet Caroline,62AuGbAkt8Ox2IrFFb8GKV
Ford,Go Further,2017,NIna Simone,I Wish I Knew How It Would Feel To Be Free,5CKHhg31HcYYhwUeeGqvhq
Apple,iPhone X,2017,"NVES, REMMI",D.Y.T.,6OkXuvyW9lZ2yKLRPeHzCP
Nike,Debate This,2017,Ol' Dirty BastardË™,Shimmy Shimmy Ya,3ABG1UQTk0eLYUAeWkmfMi
Mountain Dew,Kickstart,2017,Party Favor,Wiggle Wop,2RXhNNWvrRlymJ9AOYQwVT
Beats,Above The Noise,2017,Ruel,Don't Tell Me,1MzaBCyq0TX0ScxSmG6Cd1
Apple,iPhone TV,2017,Sam Smith,Palace,5UFvcTCbp9P057YbRNsJ3U
Lexus,LC,2017,Sia,Move Your Body,6LUOMjoORvAkdhBYvESO46
AT&T,Unlimited Comes To Life,2017,Sylvan Esso,H.S.K.T.,4ooHsDX0LIPHoWrzs0paYX
Apple,iPhone 7,2017,The Monks,Boys Are Boys And Girls Are Choice,1k8TPFg7q2sXRWIWSxyCgK
Apple,iPhone 8,2017,The Shacks,This Strange Effect,3FmJAfw1lh4VcmrlXSBrAC
Apple,iPhone 7,2017,Walter Martin,Sing To Me,27IxBrplo8z9LLPJwBQlXV
Wal-Mart,Own The First Day,2017,Whitesnake,Here I Go Again,1qOU8KzFifXE9YrgjVwYvc
Apple,iPhone 7,2017,William Onyeabor,Fantastic Man,1ETZhP9orTkDclKEyt0xqm
Apple,iPhone XS,2017,Zhu,Chasing Marrakech,50z0HWJg4sqh7H8JHol9jC
Beats by Dre,,2018,2Pac (ft. Dr. Dre & Roger Troutman),California Love,5JCKZcLwTEHKSFiDSojxw7
Tiffany & Co.,,2018,Aerosmith,Dream On,5MxNLUsfh7uzROypsoO5qe
Jared,,2018,Albin Lee Meldau,About You,64WPfGe6yuztvBLCV3KUHp
Ulta Beauty,Beauty Without Limits,2018,Alessia Cara,Scars to your beautiful,42ydLwx4i5V49RXHOozJZq
Mini Cooper,Mini Cooper Super Bowl,2018,Alice Merton,No Roots,71UXJmNkfsvf9WQnAChwvD
Ford,Ford Summer Sale,2018,American Authors,Best Day Of My Life,5Hroj5K7vLpIG4FNCRIjbP
Genesis,GENESIS G80,2018,Andra Day,Amen,7KjfifeaIx10XJTnAgWtlr
Walmart,,2018,Anita Ward,Ring my bell,7GK2KVYH8FrTC9zehmjVMd
Levi’s,,2018,Aretha Franklin,Think,4yQw7FR9lcvL6RHtegbJBh
H&M,,2018,Aubrey,I Think We’re Alone Now,5VPafQlpocmVwSYCpjES5x
McDonald’s,,2018,Beatchild & The Slakadeliqs (feat. Justin Nozuka),The Only Difference,3jWdBRXM2NM3mwWn8DqTYh
Walmart,,2018,Bee Gees,Stayin’ Alive,3mRM4NM8iO7UBqrSigCQFH
KFC,KFC Chicken & Waffles,2018,Bill Medley & Jennifer Warnes,(I’ve Had) The Time of My Life,5UqqOfFa9DYXALpCCF8VwB
Apple,Share Your Gifts,2018,Billie Eilish,Come Out And Play,7wC5eZcFS1Q1BsQ35DU6H4
Downy,Downy Unstopables (Still Fresh),2018,Black Box,Everybody Everybody,6wBMTv8yTiNh50fqTkT0JC
eBay,,2018,Bleu,Love You So,2ODE3F6bGVC4J8BjipE5uM
Ebay,Why Do I Love You So?,2018,Bleu,Love You So,6jkAt0O4WmGMbSX42R9eaR
Google,Pixel 3,2018,BNGRS,Real Thing,0dd1XRLAniswPymU5Nysjq
Apple,Apple Watch,2018,Brazilian Girls,Balla Balla,6JzaVFAf9FToTBdypDlEgk
Google,Google Assistant Christmas,2018,Brenda Lee,Rockin’ Around the Christmas Tree,2EjXfH91m7f8HiJN1yQg97
Lincoln,Lincoln Sales Event,2018,Brook Benton,I Wanna Be with You (Everywhere You Go),1jHtyhfBZdEw2XWxAkrZ8C
Amazon,Ë™Lets Work Together,2018,Canned Heat,Let's Work Together,7vJaNv4ItDyYXXCVRJreh6
PepsiCo,Mountain Dew ICE,2018,Cardi B (feat. Migos),Drip,2qcG0nZ6S3zZV0UrkY5nFo
Carolina Herrera,Carolina Herrera Good Girl,2018,Chris Isaak,Baby Did a Bad Bad Thing,6CTAqGQtAoE5bNqKRHsqRG
Chrysler,Chrysler Pacifica Hybrid,2018,Chumbawamba,Tubthumping,5YScXJKtefsgdskIy60N7A
Apple,iPhone XS,2018,Confidence Man,Catch My Breath,1VzxOxObWky7lItiPaP9jj
Samsung,,2018,Danger Twins,Obsessed,7hqkg8RXLmJ5pWHNUOli5C
Apple,Behind The Mac,2018,Daniel Johnston,The story of an artist,73cER0SBGggJuZ9wfnfZmp
Chanel,Bleu de Chanel,2018,David Bowie,Starman,0pQskrTITgmCMyr85tb9qq
DHL,DHL Christmas,2018,David Tobin & Jeff Meegan,Christmas List,7dhmeONijklHJxeCqGfRn1
Heineken,Heineken Holiday,2018,Dean Martin,You’re Nobody ‘Til Somebody Loves You,1YgQx5vUJnno2ZvRKjhI20
Coach New York,Coach New York – Platinum Fragrance,2018,Doppio,It’s Alright,1jg3zT2mjohm51ibRBaJe1
Mercedes Benz,One Wish,2018,Doris Day,Toyland,01URnM2Xw2SAGPZFbfxDda
Geico,Canyon Cruise,2018,Drake White,Heartbeat,1JHynpUIYvM8X4lpZp0nUj
Mango,,2018,Drugdealer & Weyes Blood,Suddenly,77iRifbhkJGvGBBRNykUwN
Zales,,2018,Ella Fitzgerald & Louis Armstrong,Cheek To Cheek,33jt3kYWjQzqn3xyYQ5ZEh
Bose,Bose and Alexa,2018,Emilie Mover,Walkin’ Through,3OlFIbPSJT3pfhAyAMKxpc
FOX Broadcasting,,2018,Extreme Music,Here Right Now,39MEncfJrXBaUw3pQnVRV5
Amazon,Amazon Echo Dot,2018,Faces,Ooh La La,4lJ6YVXQ0jUk5ILu0PSrA4
Apple,iPhone,2018,Flavien Berger,La Fete Noire,1UYB9P4h5IOor1CGwZfCyK
Chrysler,,2018,Gary Wright,Dream Weaver,74DrA5fFoGSy4xgkZarZtP
Under Armour,,2018,Gene Allison,You Can Make It If You Try,3kwYVS0koX1pz49bGZH21T
E*TRADE,,2018,George Clinton,Atomic Dog,4cgodXjv4TfrooNQxvlO4O
Samsung,Samsung Galaxy Note9,2018,GTA & Jenn Morel,Buscando,4q6Q5xd3i4ZIWFs0O7zZek
RAM Trucks,Big Finish Event,2018,Gwen Stefani,You Make it Feel Like Christmas,2OQ6a4CfUeYskpTTgyawyJ
Diesel,,2018,Hardwell & Steve Aoki (feat. Kris Kiss),Anthem,7tQvWqhMRYbZpSp5NgIG4o
Old Navy,Old Navy Christmas,2018,Harry Belafonte,Jump in the Line,1zW2csx1vVJrKfvDrFQNVt
Apple,Apple – Behind The Mac,2018,Hauschka,Shy,53nANv9cK63oQlE0vas6qZ
Progressive Insurance,,2018,Heisenberg & The Albuquerque Kingpins,It’s Such a Good Night,2gJfekJ1lYzMba4WgbIiDz
LG,LG V40 ThinQ,2018,Hot Chocolate,You Sexy Thing,714hERk9U1W8FMYkoC83CO
2K Games,WWE 2K19,2018,Imagine Dragons,Natural,2FY7b99s15jUprqC0M5NCT
Lyft,,2018,Incredible Bongo Band,Apache,51ml2bJs9zDLv1PbzNQzPP
Squarespace,Oddballs,2018,Jacques Dutronc,Mini Mini Mini,2UsgFoYHuKA7L1VHv3CIzj
Bose,Bose Noise Cancelling Headphones,2018,Jason Chung,Aquarium,4ZOv9mx6Lz7RRaBFi5UNaE
T-Mobile,Apple iPhone 8,2018,Jax Jones,You don't know me,00lNx0OcTJrS3MKHcB80HY
KFC,,2018,Jennifer Rush,The Power of Love,18DfMhEx4ddoreHrvZDF6Q
Ford,Ford Trucks,2018,Jerry Reed,East Bound and Down,4ubYnxmt3qW3wZdqMZbqOh
Cadillac,XT4,2018,"Jessie J, Ariana Grande & Nicki Minaj",Bang Bang,1z3Q0Vv26kdsSc8KshjNWX
Express,,2018,John Legend (feat. Stevie Wonder),What Christmas Means to Me,6JUnflvdkYvbzsp6zWpaCZ
Uber,,2018,Jungle,Smile,2Y6yBb2KctOmsxRSS8ZaKY
California Lottery,,2018,Júníus Meyvant,Signals,6drhkuOJp1qekWmTydy0Vt
Samsung,Samsung Galaxy,2018,Keane,Somewhere Only We Know (Keane cover),5LOaKdW9D2Gl9neAN94NbR
Samsung,,2018,Layup,Together,2j1aLqsCRdDy16gjjF9ONq
Lincoln,Lincoln Holidays,2018,Lee Fields & The Expressions,I’m Coming Home,3AO3tcnWceXmx6ibWZor5x
Walmart,,2018,Little River Band,Help Is On Its Way,64RnIqEMPUPx3MTzPwcfKO
Wal-Mart,Help,2018,Little River Band,Help Is On The Way,405cG3FGJJdIZ74hPgFOLu
Toyota,Roots,2018,Lost Girl,The Wanderer,1ThNFxHa9upq0VhMFt1o4n
Nissan,Nissan X,2018,Louis The Child,It's Strange,62DG2XLp9ILE3un60IzAMv
Samsung,Galaxy Note 9Ë™,2018,"LSD feat Sia, Diplo, Labrinth",Thunderclouds,5a8RPWgKSmcGBGcffmIrUi
Pepsi,Pepsi: Love it. Live It.,2018,Major Lazer,Light it up,1pjvlYOMIg1NhGQbM6iwrY
Target,All The Ways,2018,Meghan Trainor,All the ways,2BNQpd87nSv475zdww9K0Z
Peloton Bike,Peloton Bike Holiday,2018,Meghan Trainor and Brett Eldredge,Crazy Little Thing Called Love (Queen cover),4ArSAPqX8BxSbG5vz6bw2l
Volvo,Volvo XC40,2018,Miss Li,Aqualung,72F8BbpqcJzKuLt1Dh06zI
Kit-Kat,,2018,Missy Elliott,Work It,3jagJCUbdqhDSPuxP8cAqF
David Jones,David Jones Christmas,2018,Mr Little Jeans,Dear Santa,1HJ4AItKggXkCoi28YuaQt
Fitbit,,2018,Nat Hendrix Band and Sugar Pie DeSanto,A Little Taste Of Soul,221tRmbW9RRnpjRylBD1Sr
H&M,,2018,Neneh Cherry,Buffalo Stance,3XWgwgbWDI56mf1Wl3cLzb
Walmart,Walmart Grocery Shopping,2018,Ne-Yo,Good man,5jPoHxIRB1X5QUsL60x8F1
Macy’s,Macy’s Fall,2018,No Doubt,Just A Girl,5lWRaa0fBxDE5yU91npPq7
Jared,Jared Jewelry,2018,Oh Wonder,Bigger Than Love,7GLvGlqdg2ocugG4G5ih4I
Jeep,Jeep Summer,2018,OneRepublic,Connection,3T4UodGkfZObJ43RtA5KFU
Jeep,,2018,OneRepublic,White Christmas,6ufGxYHEaHNoF3Wvr3xMuj
Starbucks,Starbucks Holiday,2018,Paul Mottram,War Effort,1Q7u6EOeaDpb5IiVWsf5n8
Nespresso,,2018,Peter Gabriel,Solsbury Hill,1CM1wOqD2AIjt2MWd31LV2
Activision,Call of Duty: Black Ops 4,2018,Post Malone (feat. 21 Savage),rockstar,0e7ipj03S05BNilyu5bRzt
Toyota,Toyota Camry,2018,Queen,Don't stop me now,5T8EDUDqKcs6OSOwEsfqG7
HeadCount,,2018,Raury,God’s Whisper,508PACdiJz9qVo2i02YBp5
Microsoft,Microsoft Surface Go,2018,Elmo & Pasty,Grandma Got Run Over by a Reindeer,49iHYFjT5yO6WEw6KerX9o
Samsung,Samsung Galaxy Watch TVË™,2018,Rita Ora,Your Song,4c2W3VKsOFoIg2SFaO6DY5
Google,Google – Year In Search,2018,Ruelle,Where We Come Alive,3IA89ROOb6QcQxFkviEs4e
Lincoln,Lincoln Summer Invitation Sales Event,2018,Sam & Dave,"Hold On, I'm coming",6PgVDY8GTkxF3GmhVGPzoB
Toyota,,2018,"Sara Bareilles, Ingrid Michaelson",Winter Song,1KDkSCXJIR4CJaVUK9qP7O
Volvo,,2018,Seinabo Sey,Breathe,5K6dXncIroAF2gvG28ft3U
Walmart,,2018,Shirley & Lee,Let The Good Times Roll,2ePDfIXoP2HmC1hfsujb2J
Target,,2018,Sia,Round and Round,7nMwW8hKct1yCCOpaNmMaY
Apple,iPhone XS Max,2018,Snoh Aalegra,Nothing Burns Like the Cold,27tCCThExMJEQh7lMp3Sd4
Walmart,,2018,Steve Winwood,Gimme Some Lovin’,47pU4KOn5c10DDFVuNwzU8
McDonald’s,,2018,Stevie Wonder,Superstition,1h2xVEoJORqrg71HocgqXd
Walmart,,2018,The black eyed peas,Let's get it started,05qXhd5dgfDS5mDEf7dbfN
Audi,,2018,The Creation,Making Time,0r4pG0uKylHbSmGsHIppJO
Bose,wireless in-ear headphones,2018,The Go! Team,All The Way Live,3cggbJwOjzt4xjuF8Xhrvu
Walmart,,2018,The Isley Brothers,Shout,2ZNTPtYmAhN9vCwnAgqKn1
Target,,2018,The Meters,Hand Clapping Song,3duV3VHdZHnk6F1DzeqjJf
Miller,Miller Lite,2018,The Score,Legend,3SWqGa1J0M7hSBUDM0KePD
Applebee’s Grill & Bar,,2018,The Zombies,Time of the Season,5AJrhrwz4oSZX2PwwV4qrN
Burger King,,2018,Willie Nelson,Always On My Mind,2xYQTU2bbg6WVAmpY1eae4
Apple,Watch Series 4,2018,Young Fathers,Toy,1kYFGeEN51u0SgAVOyUJNI
C&A,C&A Christmas,2018,,Silent Night,1FUURnDIpUXAsjs8CtFxPv
Coca-Cola,,2018,,It’s Christmas Time (It’s All Around),5XuIEhd5UrsLyWAR6VQIiz
Microsoft,Microsoft Holiday,2018,,Rudolph the Red Nosed Reindeer,4hXAK3mjFVFOOiJQ3rKAXi
United States Postal Service,United States Postal Service Holiday,2018,,Symphony No. 6 in F major,7c4YhwllN5PBgAo5OEQrw3
Ram Heavy Duty,Ram Heavy Duty 2019,2019,A Thousand Horses,My Time’s Coming,16zol4GvHyTER5irYODUk0
Geico,Meet The Winner,2019,Alonzo Vasquez,Rollout,22PFIxwK2xtUZaXIGAnVzv
Secret (Procter & Gamble),Secret Deodorant,2019,Amanda Delara,We Don’t Run From Anyone,1fGCB6pm1l4Xgk0b6F4Ivi
Applebee’s Grill & Bar, All You Can Eat,2019,Andrea True,"More, More, More",4hepyFFOO9I7oZCNn3T2sz
Downy,Downy Free & Gentle,2019,Angelo De Augustine,Time,1cEHGBID7A9CTLUKOWVk5h
Geico,,2019,Backstreet Boys,I Want It That Way,6e40mgJiCid5HRAGrbpGA6
JPMorgan Chase & Co.,,2019,Basement Jaxx,Do Your Thing,6kmib8hwOcr6cOiBFjfq0B
Gold Peak,Gold Peak Real Brewed Iced Tea,2019,Big Little Lions,This Road with You,17axvKNmtC3dbI0ODiNR8b
Budweiser,Budweiser 2019 Super Bowl,2019,Bob Dylan,Blowin’ In the Wind,18GiV1BaXzPVYpp9rmOg0E
Rocket Mortgage,,2019,Bob Dylan,The Man in Me,7xRemq7GLu0Tbqe9OckG87
Dos Equis,Dos Equis Beer,2019,Bonnie Tyler,Total Eclipse of the Heart,5prTs2HAw2G4idHZyeFp8o
Mastercard,,2019,Camila Cabello feat. Young Thug,Havana,1rfofaqEpACxVEHIZBJe6W
Head & Shoulders,Head & Shoulders Shampoo,2019,Campfire (feat. Shane Eli),Superhuman,7Aq5aXGd6HJKOrClAXEl1y
Target,,2019,Carly Rae Jepsen,Now That I Found You,3dtp75StyEK5XeKraS5KiI
Apple,Memoji,2019,Childish Gambino,Redbone,3kxfsdsCpFgN412fpnW85Y
Cadillac,Cadillac SUV 2019,2019,Childish Gambino,Me and Your Mama,31tf1qEai5o5f4r66Kd0pU
Google,Google Pixel 3,2019,Childish Gambino,Summertime Magic,4j3GWI86JvSaF0BLdmgcfF
BMW,BMW Series 3,2019,Dennis Lloyd,Nevermind,63SevszngYpZOwf63o61K4
Samsung,Samsung Refrigerator,2019,Earl St. Clair,Feeling Alive,3WUiiqaOUI1K6ttDLS2dJ1
Toyota,Toyota Corolla Hatchback,2019,Emilie Mover,The Wanderer,7IePvfXR7dqwOeMO5rJ4R8
Burger King,,2019,Eric Carmen,All By Myself,0AQqrtK1pULuwZUXhwaaDz
Walmart,Back to School,2019,Fitz & The Tantrums,I Just Wanna Shine,6JzE92XrK4atfuEN1YfVvy
Apple,Apple CF Music,2019,FKJ,Tui,0syxBXqvW4MhO3yYGcxkuw
Amazon,Puppy Supplies,2019,Freddie Scott,(You) Got What I Need,3rKlYHnRAFogCt0G7pRsOR
Cadillac,,2019,French 79 feat. Sarah Rebecca,Diamond Veins,4Ol2e0E0S0WJsxLthIggDX
Walmart,,2019,Gary Numan,Cars,6HZ67VImxqr8aMBEEhblzf
WalmartË™,,2019,Gary Numan,Cars,6HZ67VImxqr8aMBEEhblzf
Gap,Back To School,2019,Guns N’ Roses,Sweet Child o’ Mine,7snQQk1zcKl8gZ92AnueZW
Mazda,Mazda CX-5,2019,Haley Reinhart,Dreams (The Cranberries cover),495y8T4aLlEqQ5bbD6howh
State Farm,,2019,House Of Pain,Jump Around,3TZwjdclvWt7iPJUnMpgcs
Nissan,Nissan TITAN,2019,Imagine Dragons,Whatever It Takes,6Qn5zhYkTa37e91HC1D7lb
Reebok,,2019,Jacob Plasse,Nails Did,1FLwQB66bagTHcJOUkS1HD
Butterfinger,Butterfinger Alien,2019,Jamie N Commons,Rumble And Sway,6qxQLXOAboXpXHcHTMYC1K
Samsung,Samsung QLED 8K TV,2019,Johnny Nash,I Can See Clearly Now (cover),4ClZ3sibfn4x6mApsqNvyq
Levi’s,,2019,Jordan Mackampa,Battlecry,6sonKKZBzf52nzKZzgdxB8
Apple,iPhone,2019,Julie Andrews,Stay Awake,0DcxLrvPPkOQtytolEC5ZI
Starbucks,Starbucks Nitro,2019,Jungle,The Heat,3FJgTJCXXV2CjURjdNq1DP
Travis Mathew,,2019,Kairo & Sha’Ki,We Came To Win,0yivszjRaLBArEBap0AuHp
Dove,,2019,Kelly Rowland,Crown,5zbtiu1u9ysgafBbIZRyhE
Jeep,Juventus & Ronaldo Jeep,2019,Konata Small,Ain’t Gonna Stop Me,2Ukcleh29HsCl9wVPwlc0i
Powerade,,2019,Lady Bri,Do What I Do,0Tk9JDfXhwfV96AX2xzSN7
Mercedes-Benz,Mercedes-Benz Summer Event,2019,Layup,Side by Side,6xjsrtaAdf7CrZ4u3IaZ18
Google,Google Pixel 3a,2019,Little League,Whachuwannadu,5ydrHf6fTQPKxGP9uMSzr9
Volkswagen,VW Arteon,2019,Love,Always See Your Face,6OojY4NdPiEGWHV2EUSwHz
Volkswagen,Volkswagen Jetta GLI,2019,Mark Lanegan,Beast In Me (Johnny Cash cover),3mQFz3JsedmdiIZke0nxPB
Nature’s Way,Nature’s Way Alive!,2019,Michael Franti & Spearhead,I’m Alive (Life Sounds Like),2UH4rbT5WrO2sDCanZI0vX
PepsiCo,Gatorade Zero,2019,Missy Elliott,Pep Rally,3Of77FYMTeIucSWOnOvAkH
Sprint,Mobile 5G Network,2019,Møme,Playground,7bzks4LGpQUuPKBzJ6iQ7y
Infinity,Infinity Summer Sales Event,2019,Moonlight Breakfast,Summer,5fxOsDuPYQjHt21zpfKtG3
Acura,Acura RDX,2019,Motorhead,Sympathy for the Devil,5Yql4ooghbDqwXIvCGXsdx
Budweiser Discovery Reserve,,2019,Norman Greenbaum,Spirit in the Sky,0Y2SrByf4G3kbq2nBEHQRn
Transitions Optical,,2019,Parov Stelar (feat. Graham Candy),The Sun,20U8WIEwVUo5jRqIAhgsYb
Skechers,Skechers D’Lites,2019,PEACEriot,Bish Plz,52qgMWZtQRIMpC4m8tyadX
Amazon,Prime,2019,Queen,You're My Best Friend,49L5s7lTES5EVnyGO09H0S
Amazon,Super Bowl LIII,2019,Queen,Don't stop me now,5T8EDUDqKcs6OSOwEsfqG7
Silk,Silk Almond milk,2019,Queen,Don't stop me now,5T8EDUDqKcs6OSOwEsfqG7
Holiday Inn,,2019,Raffi,The More We Get Together,3v7WoTaks1Ydm4eSyxzcu1
Apple,Apple Watch Series 4,2019,Ray Anthony,The Hokey Pokey,1OPwVI8wf3VEjbbvfDleJE
Samsung,Galaxy S10,2019,Rayelle,Get Ready,00NrOPh1j8PP1j7zS9QfZM
Budweiser,Budweiser Reserve Copper Lager,2019,Run DMC,It's Tricky,36TBMtrW4x7bHW8LH8rnRr
Chanel,CHANEL Chance,2019,Sam Spiegel & Tropkillaz (feat. Bia & MC Pikachu),Perfect,7v5fIXqgB0nd5KgekRDe4M
DICK,DICK’S Sporting Goods,2019,Samm Henshaw feat. EARTHGANG,Church,6SzbbQUOx85hxpqsesoMfx
Applebee’s Grill & Bar,,2019,Sammy Kershaw,Grillin’ and Chillin’,1Ym1iazLFj6sysHoAX6Px3
Lincoln,Lincoln Navigator,2019,Sarah Vaughan,Make Yourself Comfortable,48Mx6EFTaVF0meAMUfEWgG
Apple,MacBook Air (Lightness),2019,Shaed,Trampoline,0lsRatBUs9HNIZAmoGABzk
Bose,,2019,SOAK,Knock Me Off My Feet,1kcHnXfWXWzYP14kcG5NfK
Michelob,Michelob ULTRA Pure Gold,2019,Sofi Tukker,Energia,4LDOAbqOhaAcY5ccwfIlJL
General Motors Company,GMC Sierra,2019,Steam,Na Na Hey Hey Kiss Him Goodbye,1mrSHPNTDdMkXpR4BiSiD7
Samsung,Galaxy Fold,2019,Suzanne Vega,Tom's Diner,4sutLmjkVKRN6pOAMo2joC
Apple,AirPods,2019,Tessellated,I Learnt Some Jazz Today,3oIEqAGvOkF8IIJvAO3w39
BMW,BMW Sales Event,2019,The Lovin’ Spoonful,Summer in the City,7AzFID6u1b3zIWbd9pb8Dk
Cadillac,Cadillac Season’s Best Sales Event,2019,The Sensations,Let Me In,5akXAXqDNFpIUd4rHHTM7l
Infinity,INFINITI QX50,2019,The Tallest Man On Earth,It Will Follow The Rain,5BBBHw5jtqM7PPNK2g3ug7
Heinz,Heinz Ketchup,2019,The Turtles,Happy Together,1JO1xLtVc8mWhIoE3YaCL0
Volvo,Volvo XC 2019 SUV Range,2019,,Aria of the Queen of Night,5iEoay7Rd1EQFz1hJc8hRc